{
    "fold": 4,
    "best_epoch": 18,
    "best_val_subject_balanced_accuracy": 0.6666666666666666,
    "aggregation": "majority_vote",
    "train_label_counts": [
        7,
        7,
        9
    ],
    "class_weights": [
        1.0799999999999998,
        1.0799999999999998,
        0.8399999999999999
    ],
    "test_subject_accuracy": 0.14285714285714285,
    "test_subject_balanced_accuracy": 0.16666666666666666,
    "test_subject_macro_precision": 0.05555555555555555,
    "test_subject_macro_recall": 0.16666666666666666,
    "test_subject_macro_f1": 0.08333333333333333,
    "test_subject_macro_auc_ovr": 0.3444444444444444,
    "test_subjects": [
        3,
        10,
        14,
        18,
        24,
        25,
        33
    ],
    "test_y_true": [
        2,
        0,
        0,
        1,
        2,
        2,
        1
    ],
    "test_y_pred": [
        1,
        1,
        1,
        1,
        1,
        1,
        2
    ],
    "test_subject_details": [
        {
            "subject_id": 3,
            "true_label": 2,
            "pred_label": 1,
            "votes": [
                6,
                292,
                6
            ],
            "mean_prob": [
                0.07617118209600449,
                0.662194013595581,
                0.2616345286369324
            ],
            "n_epochs": 304
        },
        {
            "subject_id": 10,
            "true_label": 0,
            "pred_label": 1,
            "votes": [
                0,
                302,
                0
            ],
            "mean_prob": [
                0.01686033234000206,
                0.9411343932151794,
                0.04200523719191551
            ],
            "n_epochs": 302
        },
        {
            "subject_id": 14,
            "true_label": 0,
            "pred_label": 1,
            "votes": [
                49,
                143,
                105
            ],
            "mean_prob": [
                0.1659400910139084,
                0.458487868309021,
                0.37557220458984375
            ],
            "n_epochs": 297
        },
        {
            "subject_id": 18,
            "true_label": 1,
            "pred_label": 1,
            "votes": [
                2,
                266,
                36
            ],
            "mean_prob": [
                0.034873511642217636,
                0.7111496925354004,
                0.2539770007133484
            ],
            "n_epochs": 304
        },
        {
            "subject_id": 24,
            "true_label": 2,
            "pred_label": 1,
            "votes": [
                15,
                272,
                11
            ],
            "mean_prob": [
                0.1289551854133606,
                0.6955568194389343,
                0.17548802495002747
            ],
            "n_epochs": 298
        },
        {
            "subject_id": 25,
            "true_label": 2,
            "pred_label": 1,
            "votes": [
                134,
                145,
                25
            ],
            "mean_prob": [
                0.3676471710205078,
                0.3960452973842621,
                0.2363077700138092
            ],
            "n_epochs": 304
        },
        {
            "subject_id": 33,
            "true_label": 1,
            "pred_label": 2,
            "votes": [
                51,
                111,
                142
            ],
            "mean_prob": [
                0.20684008300304413,
                0.33773529529571533,
                0.4554246962070465
            ],
            "n_epochs": 304
        }
    ],
    "test_confusion_matrix": [
        [
            0,
            2,
            0
        ],
        [
            0,
            1,
            1
        ],
        [
            0,
            3,
            0
        ]
    ],
    "model_path": "C:\\Users\\jhon0\\Documents\\UTP\\Work\\MultimodalAnalysis\\models\\eegnet_2s_01_25_clean_p2p300\\eegnet\\closed\\majority_vote\\fold_04_best.pt",
    "history_csv": "C:\\Users\\jhon0\\Documents\\UTP\\Work\\MultimodalAnalysis\\models\\eegnet_2s_01_25_clean_p2p300\\eegnet\\closed\\majority_vote\\fold_04_history.csv",
    "training_plot": "C:\\Users\\jhon0\\Documents\\UTP\\Work\\MultimodalAnalysis\\models\\eegnet_2s_01_25_clean_p2p300\\eegnet\\closed\\majority_vote\\fold_04_training_plot.png"
}