{
    "fold": 5,
    "best_epoch": 27,
    "best_val_subject_balanced_accuracy": 0.5,
    "aggregation": "majority_vote",
    "train_label_counts": [
        7,
        7,
        9
    ],
    "class_weights": [
        1.0799999999999998,
        1.0799999999999998,
        0.8399999999999999
    ],
    "test_subject_accuracy": 0.2857142857142857,
    "test_subject_balanced_accuracy": 0.2222222222222222,
    "test_subject_macro_precision": 0.16666666666666666,
    "test_subject_macro_recall": 0.2222222222222222,
    "test_subject_macro_f1": 0.19047619047619047,
    "test_subject_macro_auc_ovr": 0.4611111111111111,
    "test_subjects": [
        5,
        15,
        20,
        21,
        23,
        26,
        38
    ],
    "test_y_true": [
        0,
        2,
        2,
        1,
        1,
        0,
        2
    ],
    "test_y_pred": [
        1,
        1,
        2,
        2,
        0,
        2,
        2
    ],
    "test_subject_details": [
        {
            "subject_id": 5,
            "true_label": 0,
            "pred_label": 1,
            "votes": [
                151,
                153,
                0
            ],
            "mean_prob": [
                0.47785988450050354,
                0.4665429890155792,
                0.05559694021940231
            ],
            "n_epochs": 304
        },
        {
            "subject_id": 15,
            "true_label": 2,
            "pred_label": 1,
            "votes": [
                55,
                238,
                11
            ],
            "mean_prob": [
                0.17516671121120453,
                0.6984322667121887,
                0.12640129029750824
            ],
            "n_epochs": 304
        },
        {
            "subject_id": 20,
            "true_label": 2,
            "pred_label": 2,
            "votes": [
                8,
                6,
                290
            ],
            "mean_prob": [
                0.11827954649925232,
                0.048079963773489,
                0.8336407542228699
            ],
            "n_epochs": 304
        },
        {
            "subject_id": 21,
            "true_label": 1,
            "pred_label": 2,
            "votes": [
                64,
                7,
                233
            ],
            "mean_prob": [
                0.29622915387153625,
                0.07756371796131134,
                0.6262072324752808
            ],
            "n_epochs": 304
        },
        {
            "subject_id": 23,
            "true_label": 1,
            "pred_label": 0,
            "votes": [
                261,
                12,
                31
            ],
            "mean_prob": [
                0.6789253950119019,
                0.07451330125331879,
                0.24656149744987488
            ],
            "n_epochs": 304
        },
        {
            "subject_id": 26,
            "true_label": 0,
            "pred_label": 2,
            "votes": [
                1,
                7,
                290
            ],
            "mean_prob": [
                0.007550628390163183,
                0.04795726761221886,
                0.9444918036460876
            ],
            "n_epochs": 298
        },
        {
            "subject_id": 38,
            "true_label": 2,
            "pred_label": 2,
            "votes": [
                11,
                10,
                283
            ],
            "mean_prob": [
                0.20436745882034302,
                0.11047861725091934,
                0.6851537823677063
            ],
            "n_epochs": 304
        }
    ],
    "test_confusion_matrix": [
        [
            0,
            1,
            1
        ],
        [
            1,
            0,
            1
        ],
        [
            0,
            1,
            2
        ]
    ],
    "model_path": "C:\\Users\\jhon0\\Documents\\UTP\\Work\\MultimodalAnalysis\\models\\eegnet_2s_01_25_clean_p2p300\\eegnet\\closed\\majority_vote\\fold_05_best.pt",
    "history_csv": "C:\\Users\\jhon0\\Documents\\UTP\\Work\\MultimodalAnalysis\\models\\eegnet_2s_01_25_clean_p2p300\\eegnet\\closed\\majority_vote\\fold_05_history.csv",
    "training_plot": "C:\\Users\\jhon0\\Documents\\UTP\\Work\\MultimodalAnalysis\\models\\eegnet_2s_01_25_clean_p2p300\\eegnet\\closed\\majority_vote\\fold_05_training_plot.png"
}