{
    "fold": 5,
    "best_epoch": 37,
    "best_val_subject_balanced_accuracy": 0.5,
    "aggregation": "majority_vote",
    "train_label_counts": [
        7,
        7,
        9
    ],
    "class_weights": [
        1.0799999999999998,
        1.0799999999999998,
        0.8399999999999999
    ],
    "test_subject_accuracy": 0.2857142857142857,
    "test_subject_balanced_accuracy": 0.2222222222222222,
    "test_subject_macro_precision": 0.16666666666666666,
    "test_subject_macro_recall": 0.2222222222222222,
    "test_subject_macro_f1": 0.19047619047619047,
    "test_subject_macro_auc_ovr": 0.3277777777777778,
    "test_subjects": [
        5,
        15,
        20,
        21,
        23,
        26,
        38
    ],
    "test_y_true": [
        0,
        2,
        2,
        1,
        1,
        0,
        2
    ],
    "test_y_pred": [
        1,
        1,
        2,
        2,
        0,
        2,
        2
    ],
    "test_subject_details": [
        {
            "subject_id": 5,
            "true_label": 0,
            "pred_label": 1,
            "votes": [
                102,
                201,
                1
            ],
            "mean_prob": [
                0.3511599600315094,
                0.6017000079154968,
                0.0471402183175087
            ],
            "n_epochs": 304
        },
        {
            "subject_id": 15,
            "true_label": 2,
            "pred_label": 1,
            "votes": [
                50,
                222,
                32
            ],
            "mean_prob": [
                0.17719462513923645,
                0.6477342844009399,
                0.17507100105285645
            ],
            "n_epochs": 304
        },
        {
            "subject_id": 20,
            "true_label": 2,
            "pred_label": 2,
            "votes": [
                4,
                15,
                285
            ],
            "mean_prob": [
                0.08844175189733505,
                0.08129289001226425,
                0.8302648663520813
            ],
            "n_epochs": 304
        },
        {
            "subject_id": 21,
            "true_label": 1,
            "pred_label": 2,
            "votes": [
                94,
                11,
                199
            ],
            "mean_prob": [
                0.347260057926178,
                0.08739200234413147,
                0.5653480887413025
            ],
            "n_epochs": 304
        },
        {
            "subject_id": 23,
            "true_label": 1,
            "pred_label": 0,
            "votes": [
                290,
                6,
                8
            ],
            "mean_prob": [
                0.8052490949630737,
                0.03434475511312485,
                0.16040611267089844
            ],
            "n_epochs": 304
        },
        {
            "subject_id": 26,
            "true_label": 0,
            "pred_label": 2,
            "votes": [
                0,
                15,
                283
            ],
            "mean_prob": [
                0.003751613898202777,
                0.09217406064271927,
                0.9040742516517639
            ],
            "n_epochs": 298
        },
        {
            "subject_id": 38,
            "true_label": 2,
            "pred_label": 2,
            "votes": [
                73,
                10,
                221
            ],
            "mean_prob": [
                0.3517419099807739,
                0.0966319814324379,
                0.5516262650489807
            ],
            "n_epochs": 304
        }
    ],
    "test_confusion_matrix": [
        [
            0,
            1,
            1
        ],
        [
            1,
            0,
            1
        ],
        [
            0,
            1,
            2
        ]
    ],
    "model_path": "C:\\Users\\jhon0\\Documents\\UTP\\Work\\MultimodalAnalysis\\models\\eegnet_2s_01_25_clean_p2p500\\eegnet\\closed\\majority_vote\\fold_05_best.pt",
    "history_csv": "C:\\Users\\jhon0\\Documents\\UTP\\Work\\MultimodalAnalysis\\models\\eegnet_2s_01_25_clean_p2p500\\eegnet\\closed\\majority_vote\\fold_05_history.csv",
    "training_plot": "C:\\Users\\jhon0\\Documents\\UTP\\Work\\MultimodalAnalysis\\models\\eegnet_2s_01_25_clean_p2p500\\eegnet\\closed\\majority_vote\\fold_05_training_plot.png"
}