{
    "fold": 3,
    "best_epoch": 40,
    "best_val_subject_balanced_accuracy": 0.6666666666666666,
    "aggregation": "majority_vote",
    "train_label_counts": [
        7,
        7,
        9
    ],
    "class_weights": [
        1.0799999999999998,
        1.0799999999999998,
        0.8399999999999999
    ],
    "test_subject_accuracy": 0.42857142857142855,
    "test_subject_balanced_accuracy": 0.38888888888888884,
    "test_subject_macro_precision": 0.4444444444444444,
    "test_subject_macro_recall": 0.38888888888888884,
    "test_subject_macro_f1": 0.4000000000000001,
    "test_subject_macro_auc_ovr": 0.5166666666666667,
    "test_subjects": [
        8,
        9,
        13,
        22,
        35,
        39,
        43
    ],
    "test_y_true": [
        1,
        2,
        0,
        2,
        0,
        2,
        1
    ],
    "test_y_pred": [
        1,
        2,
        1,
        2,
        1,
        0,
        0
    ],
    "test_subject_details": [
        {
            "subject_id": 8,
            "true_label": 1,
            "pred_label": 1,
            "votes": [
                24,
                278,
                2
            ],
            "mean_prob": [
                0.12973171472549438,
                0.8281115889549255,
                0.04215666279196739
            ],
            "n_epochs": 304
        },
        {
            "subject_id": 9,
            "true_label": 2,
            "pred_label": 2,
            "votes": [
                50,
                0,
                251
            ],
            "mean_prob": [
                0.26562780141830444,
                0.01736876368522644,
                0.7170032262802124
            ],
            "n_epochs": 301
        },
        {
            "subject_id": 13,
            "true_label": 0,
            "pred_label": 1,
            "votes": [
                0,
                156,
                146
            ],
            "mean_prob": [
                0.03428397700190544,
                0.48714786767959595,
                0.47856828570365906
            ],
            "n_epochs": 302
        },
        {
            "subject_id": 22,
            "true_label": 2,
            "pred_label": 2,
            "votes": [
                8,
                19,
                277
            ],
            "mean_prob": [
                0.08318561315536499,
                0.07623276859521866,
                0.8405815958976746
            ],
            "n_epochs": 304
        },
        {
            "subject_id": 35,
            "true_label": 0,
            "pred_label": 1,
            "votes": [
                1,
                177,
                126
            ],
            "mean_prob": [
                0.06121838092803955,
                0.5217830538749695,
                0.41699862480163574
            ],
            "n_epochs": 304
        },
        {
            "subject_id": 39,
            "true_label": 2,
            "pred_label": 0,
            "votes": [
                279,
                0,
                25
            ],
            "mean_prob": [
                0.7997686266899109,
                0.005533046089112759,
                0.19469818472862244
            ],
            "n_epochs": 304
        },
        {
            "subject_id": 43,
            "true_label": 1,
            "pred_label": 0,
            "votes": [
                155,
                116,
                33
            ],
            "mean_prob": [
                0.4320591390132904,
                0.3649671971797943,
                0.20297358930110931
            ],
            "n_epochs": 304
        }
    ],
    "test_confusion_matrix": [
        [
            0,
            2,
            0
        ],
        [
            1,
            1,
            0
        ],
        [
            1,
            0,
            2
        ]
    ],
    "model_path": "C:\\Users\\jhon0\\Documents\\UTP\\Work\\MultimodalAnalysis\\models\\eegnet_2s_01_25_clean_p2p500\\eegnet\\closed\\majority_vote\\fold_03_best.pt",
    "history_csv": "C:\\Users\\jhon0\\Documents\\UTP\\Work\\MultimodalAnalysis\\models\\eegnet_2s_01_25_clean_p2p500\\eegnet\\closed\\majority_vote\\fold_03_history.csv",
    "training_plot": "C:\\Users\\jhon0\\Documents\\UTP\\Work\\MultimodalAnalysis\\models\\eegnet_2s_01_25_clean_p2p500\\eegnet\\closed\\majority_vote\\fold_03_training_plot.png"
}