{
    "fold": 2,
    "best_epoch": 3,
    "best_val_subject_balanced_accuracy": 0.5,
    "aggregation": "majority_vote",
    "train_label_counts": [
        6,
        7,
        10
    ],
    "class_weights": [
        1.2209302325581395,
        1.0465116279069768,
        0.7325581395348838
    ],
    "test_subject_accuracy": 0.2857142857142857,
    "test_subject_balanced_accuracy": 0.2222222222222222,
    "test_subject_macro_precision": 0.13333333333333333,
    "test_subject_macro_recall": 0.2222222222222222,
    "test_subject_macro_f1": 0.16666666666666666,
    "test_subject_macro_auc_ovr": 0.27777777777777773,
    "test_subjects": [
        2,
        7,
        11,
        16,
        27,
        31,
        41
    ],
    "test_y_true": [
        0,
        0,
        1,
        1,
        0,
        2,
        2
    ],
    "test_y_pred": [
        1,
        0,
        0,
        0,
        0,
        0,
        1
    ],
    "test_subject_details": [
        {
            "subject_id": 2,
            "true_label": 0,
            "pred_label": 1,
            "votes": [
                13,
                227,
                62
            ],
            "mean_prob": [
                0.19907455146312714,
                0.4340108036994934,
                0.36691468954086304
            ],
            "n_epochs": 302
        },
        {
            "subject_id": 7,
            "true_label": 0,
            "pred_label": 0,
            "votes": [
                252,
                10,
                17
            ],
            "mean_prob": [
                0.4487651288509369,
                0.30089429020881653,
                0.25034067034721375
            ],
            "n_epochs": 279
        },
        {
            "subject_id": 11,
            "true_label": 1,
            "pred_label": 0,
            "votes": [
                250,
                6,
                48
            ],
            "mean_prob": [
                0.4006066918373108,
                0.29997339844703674,
                0.2994200587272644
            ],
            "n_epochs": 304
        },
        {
            "subject_id": 16,
            "true_label": 1,
            "pred_label": 0,
            "votes": [
                300,
                0,
                4
            ],
            "mean_prob": [
                0.5162128210067749,
                0.2673506438732147,
                0.21643656492233276
            ],
            "n_epochs": 304
        },
        {
            "subject_id": 27,
            "true_label": 0,
            "pred_label": 0,
            "votes": [
                137,
                59,
                108
            ],
            "mean_prob": [
                0.30566462874412537,
                0.33309873938560486,
                0.36123645305633545
            ],
            "n_epochs": 304
        },
        {
            "subject_id": 31,
            "true_label": 2,
            "pred_label": 0,
            "votes": [
                304,
                0,
                0
            ],
            "mean_prob": [
                0.5676408410072327,
                0.25088486075401306,
                0.181473970413208
            ],
            "n_epochs": 304
        },
        {
            "subject_id": 41,
            "true_label": 2,
            "pred_label": 1,
            "votes": [
                18,
                192,
                46
            ],
            "mean_prob": [
                0.17362762987613678,
                0.47425752878189087,
                0.352114737033844
            ],
            "n_epochs": 256
        }
    ],
    "test_confusion_matrix": [
        [
            2,
            1,
            0
        ],
        [
            2,
            0,
            0
        ],
        [
            1,
            1,
            0
        ]
    ],
    "model_path": "C:\\Users\\jhon0\\Documents\\UTP\\Work\\MultimodalAnalysis\\models\\eegnet_2s_01_25_clean_p2p500\\eegnet\\closed\\majority_vote\\fold_02_best.pt",
    "history_csv": "C:\\Users\\jhon0\\Documents\\UTP\\Work\\MultimodalAnalysis\\models\\eegnet_2s_01_25_clean_p2p500\\eegnet\\closed\\majority_vote\\fold_02_history.csv",
    "training_plot": "C:\\Users\\jhon0\\Documents\\UTP\\Work\\MultimodalAnalysis\\models\\eegnet_2s_01_25_clean_p2p500\\eegnet\\closed\\majority_vote\\fold_02_training_plot.png"
}