{
    "fold": 1,
    "best_epoch": 10,
    "best_val_subject_balanced_accuracy": 0.38888888888888884,
    "aggregation": "majority_vote",
    "train_label_counts": [
        7,
        7,
        8
    ],
    "class_weights": [
        1.0434782608695652,
        1.0434782608695652,
        0.9130434782608695
    ],
    "test_subject_accuracy": 0.5,
    "test_subject_balanced_accuracy": 0.4444444444444444,
    "test_subject_macro_precision": 0.35555555555555557,
    "test_subject_macro_recall": 0.4444444444444444,
    "test_subject_macro_f1": 0.38888888888888884,
    "test_subject_macro_auc_ovr": 0.638888888888889,
    "test_subjects": [
        0,
        1,
        4,
        6,
        19,
        30,
        37,
        40
    ],
    "test_y_true": [
        2,
        1,
        1,
        2,
        2,
        0,
        0,
        1
    ],
    "test_y_pred": [
        1,
        2,
        1,
        2,
        2,
        1,
        1,
        1
    ],
    "test_subject_details": [
        {
            "subject_id": 0,
            "true_label": 2,
            "pred_label": 1,
            "votes": [
                4,
                278,
                14
            ],
            "mean_prob": [
                0.11233584582805634,
                0.6072027087211609,
                0.28046125173568726
            ],
            "n_epochs": 296
        },
        {
            "subject_id": 1,
            "true_label": 1,
            "pred_label": 2,
            "votes": [
                76,
                38,
                190
            ],
            "mean_prob": [
                0.27868643403053284,
                0.29739657044410706,
                0.4239170253276825
            ],
            "n_epochs": 304
        },
        {
            "subject_id": 4,
            "true_label": 1,
            "pred_label": 1,
            "votes": [
                32,
                234,
                35
            ],
            "mean_prob": [
                0.21619577705860138,
                0.4842138886451721,
                0.2995903789997101
            ],
            "n_epochs": 301
        },
        {
            "subject_id": 6,
            "true_label": 2,
            "pred_label": 2,
            "votes": [
                1,
                2,
                301
            ],
            "mean_prob": [
                0.11917512118816376,
                0.24592562019824982,
                0.6348991990089417
            ],
            "n_epochs": 304
        },
        {
            "subject_id": 19,
            "true_label": 2,
            "pred_label": 2,
            "votes": [
                0,
                0,
                304
            ],
            "mean_prob": [
                0.046743106096982956,
                0.18264718353748322,
                0.7706096768379211
            ],
            "n_epochs": 304
        },
        {
            "subject_id": 30,
            "true_label": 0,
            "pred_label": 1,
            "votes": [
                32,
                144,
                116
            ],
            "mean_prob": [
                0.22360815107822418,
                0.3400413393974304,
                0.43635061383247375
            ],
            "n_epochs": 292
        },
        {
            "subject_id": 37,
            "true_label": 0,
            "pred_label": 1,
            "votes": [
                2,
                302,
                0
            ],
            "mean_prob": [
                0.1431957483291626,
                0.7023975253105164,
                0.15440651774406433
            ],
            "n_epochs": 304
        },
        {
            "subject_id": 40,
            "true_label": 1,
            "pred_label": 1,
            "votes": [
                23,
                280,
                1
            ],
            "mean_prob": [
                0.2500514090061188,
                0.5262579917907715,
                0.223690465092659
            ],
            "n_epochs": 304
        }
    ],
    "test_confusion_matrix": [
        [
            0,
            2,
            0
        ],
        [
            0,
            2,
            1
        ],
        [
            0,
            1,
            2
        ]
    ],
    "model_path": "C:\\Users\\jhon0\\Documents\\UTP\\Work\\MultimodalAnalysis\\models\\eegnet_2s_01_25_clean_p2p500\\eegnet\\closed\\majority_vote\\fold_01_best.pt",
    "history_csv": "C:\\Users\\jhon0\\Documents\\UTP\\Work\\MultimodalAnalysis\\models\\eegnet_2s_01_25_clean_p2p500\\eegnet\\closed\\majority_vote\\fold_01_history.csv",
    "training_plot": "C:\\Users\\jhon0\\Documents\\UTP\\Work\\MultimodalAnalysis\\models\\eegnet_2s_01_25_clean_p2p500\\eegnet\\closed\\majority_vote\\fold_01_training_plot.png"
}