{
    "fold": 4,
    "best_epoch": 29,
    "best_val_subject_balanced_accuracy": 0.6666666666666666,
    "aggregation": "majority_vote",
    "train_label_counts": [
        7,
        7,
        9
    ],
    "class_weights": [
        1.0799999999999998,
        1.0799999999999998,
        0.8399999999999999
    ],
    "test_subject_accuracy": 0.14285714285714285,
    "test_subject_balanced_accuracy": 0.16666666666666666,
    "test_subject_macro_precision": 0.08333333333333333,
    "test_subject_macro_recall": 0.16666666666666666,
    "test_subject_macro_f1": 0.1111111111111111,
    "test_subject_macro_auc_ovr": 0.23888888888888885,
    "test_subjects": [
        3,
        10,
        14,
        18,
        24,
        25,
        33
    ],
    "test_y_true": [
        2,
        0,
        0,
        1,
        2,
        2,
        1
    ],
    "test_y_pred": [
        1,
        1,
        2,
        1,
        1,
        0,
        2
    ],
    "test_subject_details": [
        {
            "subject_id": 3,
            "true_label": 2,
            "pred_label": 1,
            "votes": [
                5,
                230,
                69
            ],
            "mean_prob": [
                0.07235956937074661,
                0.5731534361839294,
                0.3544870913028717
            ],
            "n_epochs": 304
        },
        {
            "subject_id": 10,
            "true_label": 0,
            "pred_label": 1,
            "votes": [
                0,
                303,
                1
            ],
            "mean_prob": [
                0.007712062448263168,
                0.9594810605049133,
                0.03280693665146828
            ],
            "n_epochs": 304
        },
        {
            "subject_id": 14,
            "true_label": 0,
            "pred_label": 2,
            "votes": [
                0,
                111,
                193
            ],
            "mean_prob": [
                0.016255339607596397,
                0.39646798372268677,
                0.5872766971588135
            ],
            "n_epochs": 304
        },
        {
            "subject_id": 18,
            "true_label": 1,
            "pred_label": 1,
            "votes": [
                0,
                267,
                37
            ],
            "mean_prob": [
                0.02493954263627529,
                0.7368502616882324,
                0.23820975422859192
            ],
            "n_epochs": 304
        },
        {
            "subject_id": 24,
            "true_label": 2,
            "pred_label": 1,
            "votes": [
                9,
                292,
                3
            ],
            "mean_prob": [
                0.05614851042628288,
                0.7980466485023499,
                0.14580479264259338
            ],
            "n_epochs": 304
        },
        {
            "subject_id": 25,
            "true_label": 2,
            "pred_label": 0,
            "votes": [
                168,
                102,
                34
            ],
            "mean_prob": [
                0.4089796543121338,
                0.3450300395488739,
                0.24599047005176544
            ],
            "n_epochs": 304
        },
        {
            "subject_id": 33,
            "true_label": 1,
            "pred_label": 2,
            "votes": [
                19,
                96,
                189
            ],
            "mean_prob": [
                0.0909772664308548,
                0.3329107165336609,
                0.5761120915412903
            ],
            "n_epochs": 304
        }
    ],
    "test_confusion_matrix": [
        [
            0,
            1,
            1
        ],
        [
            0,
            1,
            1
        ],
        [
            1,
            2,
            0
        ]
    ],
    "model_path": "C:\\Users\\jhon0\\Documents\\UTP\\Work\\MultimodalAnalysis\\models\\eegnet_2s_01_25_clean_p2p500\\eegnet\\closed\\majority_vote\\fold_04_best.pt",
    "history_csv": "C:\\Users\\jhon0\\Documents\\UTP\\Work\\MultimodalAnalysis\\models\\eegnet_2s_01_25_clean_p2p500\\eegnet\\closed\\majority_vote\\fold_04_history.csv",
    "training_plot": "C:\\Users\\jhon0\\Documents\\UTP\\Work\\MultimodalAnalysis\\models\\eegnet_2s_01_25_clean_p2p500\\eegnet\\closed\\majority_vote\\fold_04_training_plot.png"
}