{
    "fold": 5,
    "best_epoch": 1,
    "best_val_subject_balanced_accuracy": 0.3333333333333333,
    "aggregation": "majority_vote",
    "train_label_counts": [
        7,
        7,
        9
    ],
    "class_weights": [
        1.0799999999999998,
        1.0799999999999998,
        0.8399999999999999
    ],
    "test_subject_accuracy": 0.42857142857142855,
    "test_subject_balanced_accuracy": 0.3333333333333333,
    "test_subject_macro_precision": 0.14285714285714285,
    "test_subject_macro_recall": 0.3333333333333333,
    "test_subject_macro_f1": 0.19999999999999998,
    "test_subject_macro_auc_ovr": 0.31666666666666665,
    "test_subjects": [
        5,
        15,
        20,
        21,
        23,
        26,
        38
    ],
    "test_y_true": [
        0,
        2,
        2,
        1,
        1,
        0,
        2
    ],
    "test_y_pred": [
        2,
        2,
        2,
        2,
        2,
        2,
        2
    ],
    "test_subject_details": [
        {
            "subject_id": 5,
            "true_label": 0,
            "pred_label": 2,
            "votes": [
                0,
                4,
                300
            ],
            "mean_prob": [
                0.2883168160915375,
                0.3534074127674103,
                0.35827574133872986
            ],
            "n_epochs": 304
        },
        {
            "subject_id": 15,
            "true_label": 2,
            "pred_label": 2,
            "votes": [
                0,
                0,
                304
            ],
            "mean_prob": [
                0.2881889343261719,
                0.35349202156066895,
                0.35831910371780396
            ],
            "n_epochs": 304
        },
        {
            "subject_id": 20,
            "true_label": 2,
            "pred_label": 2,
            "votes": [
                0,
                5,
                299
            ],
            "mean_prob": [
                0.28832554817199707,
                0.35329562425613403,
                0.35837888717651367
            ],
            "n_epochs": 304
        },
        {
            "subject_id": 21,
            "true_label": 1,
            "pred_label": 2,
            "votes": [
                0,
                4,
                300
            ],
            "mean_prob": [
                0.28822746872901917,
                0.35306063294410706,
                0.35871201753616333
            ],
            "n_epochs": 304
        },
        {
            "subject_id": 23,
            "true_label": 1,
            "pred_label": 2,
            "votes": [
                0,
                27,
                277
            ],
            "mean_prob": [
                0.2883160710334778,
                0.35319238901138306,
                0.358491450548172
            ],
            "n_epochs": 304
        },
        {
            "subject_id": 26,
            "true_label": 0,
            "pred_label": 2,
            "votes": [
                0,
                7,
                291
            ],
            "mean_prob": [
                0.28826016187667847,
                0.35327574610710144,
                0.35846421122550964
            ],
            "n_epochs": 298
        },
        {
            "subject_id": 38,
            "true_label": 2,
            "pred_label": 2,
            "votes": [
                0,
                4,
                300
            ],
            "mean_prob": [
                0.28823477029800415,
                0.35335874557495117,
                0.3584064841270447
            ],
            "n_epochs": 304
        }
    ],
    "test_confusion_matrix": [
        [
            0,
            0,
            2
        ],
        [
            0,
            0,
            2
        ],
        [
            0,
            0,
            3
        ]
    ],
    "model_path": "C:\\Users\\jhon0\\Documents\\UTP\\Work\\MultimodalAnalysis\\models\\eegnet_2s_01_25_p2pnull\\eegnet\\closed\\majority_vote\\fold_05_best.pt",
    "history_csv": "C:\\Users\\jhon0\\Documents\\UTP\\Work\\MultimodalAnalysis\\models\\eegnet_2s_01_25_p2pnull\\eegnet\\closed\\majority_vote\\fold_05_history.csv",
    "training_plot": "C:\\Users\\jhon0\\Documents\\UTP\\Work\\MultimodalAnalysis\\models\\eegnet_2s_01_25_p2pnull\\eegnet\\closed\\majority_vote\\fold_05_training_plot.png"
}