{
    "fold": 1,
    "best_epoch": 10,
    "best_val_subject_balanced_accuracy": 0.38888888888888884,
    "aggregation": "majority_vote",
    "train_label_counts": [
        7,
        7,
        8
    ],
    "class_weights": [
        1.0434782608695652,
        1.0434782608695652,
        0.9130434782608695
    ],
    "test_subject_accuracy": 0.5,
    "test_subject_balanced_accuracy": 0.4444444444444444,
    "test_subject_macro_precision": 0.3333333333333333,
    "test_subject_macro_recall": 0.4444444444444444,
    "test_subject_macro_f1": 0.38095238095238093,
    "test_subject_macro_auc_ovr": 0.6166666666666667,
    "test_subjects": [
        0,
        1,
        4,
        6,
        19,
        30,
        37,
        40
    ],
    "test_y_true": [
        2,
        1,
        1,
        2,
        2,
        0,
        0,
        1
    ],
    "test_y_pred": [
        1,
        2,
        1,
        2,
        2,
        2,
        1,
        1
    ],
    "test_subject_details": [
        {
            "subject_id": 0,
            "true_label": 2,
            "pred_label": 1,
            "votes": [
                0,
                265,
                27
            ],
            "mean_prob": [
                0.1261490136384964,
                0.5556026697158813,
                0.3182484209537506
            ],
            "n_epochs": 292
        },
        {
            "subject_id": 1,
            "true_label": 1,
            "pred_label": 2,
            "votes": [
                124,
                36,
                144
            ],
            "mean_prob": [
                0.3707262873649597,
                0.26990631222724915,
                0.3593672811985016
            ],
            "n_epochs": 304
        },
        {
            "subject_id": 4,
            "true_label": 1,
            "pred_label": 1,
            "votes": [
                18,
                193,
                90
            ],
            "mean_prob": [
                0.2254086136817932,
                0.4243997037410736,
                0.35019171237945557
            ],
            "n_epochs": 301
        },
        {
            "subject_id": 6,
            "true_label": 2,
            "pred_label": 2,
            "votes": [
                22,
                22,
                259
            ],
            "mean_prob": [
                0.20093055069446564,
                0.31379011273384094,
                0.4852796494960785
            ],
            "n_epochs": 303
        },
        {
            "subject_id": 19,
            "true_label": 2,
            "pred_label": 2,
            "votes": [
                0,
                4,
                300
            ],
            "mean_prob": [
                0.15204854309558868,
                0.14441056549549103,
                0.7035409212112427
            ],
            "n_epochs": 304
        },
        {
            "subject_id": 30,
            "true_label": 0,
            "pred_label": 2,
            "votes": [
                18,
                118,
                150
            ],
            "mean_prob": [
                0.239601269364357,
                0.3119674623012543,
                0.4484313130378723
            ],
            "n_epochs": 286
        },
        {
            "subject_id": 37,
            "true_label": 0,
            "pred_label": 1,
            "votes": [
                4,
                294,
                1
            ],
            "mean_prob": [
                0.15831471979618073,
                0.646698534488678,
                0.19498682022094727
            ],
            "n_epochs": 299
        },
        {
            "subject_id": 40,
            "true_label": 1,
            "pred_label": 1,
            "votes": [
                11,
                277,
                16
            ],
            "mean_prob": [
                0.22883015871047974,
                0.47310182452201843,
                0.29806822538375854
            ],
            "n_epochs": 304
        }
    ],
    "test_confusion_matrix": [
        [
            0,
            1,
            1
        ],
        [
            0,
            2,
            1
        ],
        [
            0,
            1,
            2
        ]
    ],
    "model_path": "C:\\Users\\jhon0\\Documents\\UTP\\Work\\MultimodalAnalysis\\models\\eegnet_2s_05_45_clean_p2p300\\eegnet\\closed\\majority_vote\\fold_01_best.pt",
    "history_csv": "C:\\Users\\jhon0\\Documents\\UTP\\Work\\MultimodalAnalysis\\models\\eegnet_2s_05_45_clean_p2p300\\eegnet\\closed\\majority_vote\\fold_01_history.csv",
    "training_plot": "C:\\Users\\jhon0\\Documents\\UTP\\Work\\MultimodalAnalysis\\models\\eegnet_2s_05_45_clean_p2p300\\eegnet\\closed\\majority_vote\\fold_01_training_plot.png"
}