{
    "fold": 5,
    "best_epoch": 34,
    "best_val_subject_balanced_accuracy": 0.5,
    "aggregation": "majority_vote",
    "train_label_counts": [
        7,
        7,
        9
    ],
    "class_weights": [
        1.0799999999999998,
        1.0799999999999998,
        0.8399999999999999
    ],
    "test_subject_accuracy": 0.42857142857142855,
    "test_subject_balanced_accuracy": 0.38888888888888884,
    "test_subject_macro_precision": 0.3333333333333333,
    "test_subject_macro_recall": 0.38888888888888884,
    "test_subject_macro_f1": 0.35714285714285715,
    "test_subject_macro_auc_ovr": 0.3277777777777778,
    "test_subjects": [
        5,
        15,
        20,
        21,
        23,
        26,
        38
    ],
    "test_y_true": [
        0,
        2,
        2,
        1,
        1,
        0,
        2
    ],
    "test_y_pred": [
        0,
        1,
        2,
        2,
        0,
        2,
        2
    ],
    "test_subject_details": [
        {
            "subject_id": 5,
            "true_label": 0,
            "pred_label": 0,
            "votes": [
                252,
                50,
                2
            ],
            "mean_prob": [
                0.6433811187744141,
                0.22259366512298584,
                0.13402515649795532
            ],
            "n_epochs": 304
        },
        {
            "subject_id": 15,
            "true_label": 2,
            "pred_label": 1,
            "votes": [
                64,
                223,
                17
            ],
            "mean_prob": [
                0.20396688580513,
                0.6293789148330688,
                0.1666540652513504
            ],
            "n_epochs": 304
        },
        {
            "subject_id": 20,
            "true_label": 2,
            "pred_label": 2,
            "votes": [
                17,
                8,
                279
            ],
            "mean_prob": [
                0.14140956103801727,
                0.0926617980003357,
                0.7659287452697754
            ],
            "n_epochs": 304
        },
        {
            "subject_id": 21,
            "true_label": 1,
            "pred_label": 2,
            "votes": [
                92,
                6,
                206
            ],
            "mean_prob": [
                0.3682824373245239,
                0.07185601443052292,
                0.5598613619804382
            ],
            "n_epochs": 304
        },
        {
            "subject_id": 23,
            "true_label": 1,
            "pred_label": 0,
            "votes": [
                259,
                9,
                34
            ],
            "mean_prob": [
                0.6714059114456177,
                0.06670565903186798,
                0.26188841462135315
            ],
            "n_epochs": 302
        },
        {
            "subject_id": 26,
            "true_label": 0,
            "pred_label": 2,
            "votes": [
                0,
                14,
                284
            ],
            "mean_prob": [
                0.010936232283711433,
                0.11209513247013092,
                0.8769680857658386
            ],
            "n_epochs": 298
        },
        {
            "subject_id": 38,
            "true_label": 2,
            "pred_label": 2,
            "votes": [
                10,
                0,
                294
            ],
            "mean_prob": [
                0.2274007350206375,
                0.07993284612894058,
                0.6926664113998413
            ],
            "n_epochs": 304
        }
    ],
    "test_confusion_matrix": [
        [
            1,
            0,
            1
        ],
        [
            1,
            0,
            1
        ],
        [
            0,
            1,
            2
        ]
    ],
    "model_path": "C:\\Users\\jhon0\\Documents\\UTP\\Work\\MultimodalAnalysis\\models\\eegnet_2s_05_45_clean_p2p300\\eegnet\\closed\\majority_vote\\fold_05_best.pt",
    "history_csv": "C:\\Users\\jhon0\\Documents\\UTP\\Work\\MultimodalAnalysis\\models\\eegnet_2s_05_45_clean_p2p300\\eegnet\\closed\\majority_vote\\fold_05_history.csv",
    "training_plot": "C:\\Users\\jhon0\\Documents\\UTP\\Work\\MultimodalAnalysis\\models\\eegnet_2s_05_45_clean_p2p300\\eegnet\\closed\\majority_vote\\fold_05_training_plot.png"
}