config,n_runs,mean_test_bacc,std_test_bacc,median_test_bacc,min_test_bacc,max_test_bacc,mean_test_acc,std_test_acc,mean_test_macro_f1,std_test_macro_f1,mean_val_bacc,std_val_bacc,mean_best_epoch,frac_test_bacc_gt_chance,frac_test_bacc_gt_majority,mean_test_bacc_minus_chance,mean_test_bacc_minus_majority
eegnet_small_t600_meanmax050,15,0.44444444444444436,0.11501092655705904,0.4444444444444444,0.3333333333333333,0.7222222222222222,0.44285714285714284,0.14352522355292943,0.3345149911816579,0.16616226408496476,0.4444444444444444,0.10286889997472795,6.866666666666666,0.6,0.6,0.11111111111111112,0.11111111111111112
